student_id,task,skill_id,success,step
450,0,0,0,1
450,2,0,0,2
450,2,1,0,2
450,2,0,1,3
450,2,1,1,3
450,3,0,1,4
450,3,0,0,5
450,0,0,1,6
450,3,0,1,7
450,2,0,0,8
450,2,1,0,8
450,0,0,0,9
450,1,1,1,10
450,1,1,1,11
450,0,0,1,12
450,3,0,0,13
450,4,1,0,14
451,4,1,0,1
451,3,0,0,2
451,4,1,0,3
451,4,1,0,4
451,0,0,1,5
451,3,0,1,6
451,1,1,0,7
451,1,1,0,8
451,0,0,1,9
451,1,1,1,10
451,4,1,1,11
452,2,0,1,1
452,2,1,1,1
452,4,1,1,2
452,5,0,0,3
452,5,1,0,3
452,0,0,0,4
452,1,1,1,5
452,4,1,0,6
452,4,1,1,7
452,4,1,1,8
452,4,1,0,9
452,5,0,0,10
452,5,1,0,10
452,3,0,0,11
452,4,1,1,12
452,4,1,1,13
452,4,1,0,14
452,1,1,1,15
452,1,1,1,16
452,4,1,1,17
452,0,0,1,18
453,1,1,0,1
453,1,1,1,2
453,5,0,0,3
453,5,1,0,3
453,2,0,0,4
453,2,1,0,4
453,5,0,0,5
453,5,1,0,5
453,1,1,0,6
453,5,0,0,7
453,5,1,0,7
453,1,1,1,8
453,0,0,1,9
453,1,1,1,10
453,2,0,0,11
453,2,1,0,11
453,1,1,0,12
453,5,0,0,13
453,5,1,0,13
454,5,0,1,1
454,5,1,1,1
454,4,1,0,2
454,1,1,1,3
454,5,0,1,4
454,5,1,1,4
454,1,1,1,5
454,1,1,1,6
454,1,1,1,7
454,2,0,1,8
454,2,1,1,8
455,5,0,0,1
455,5,1,0,1
455,3,0,1,2
455,4,1,0,3
455,2,0,1,4
455,2,1,1,4
455,0,0,1,5
455,0,0,1,6
455,3,0,1,7
455,1,1,1,8
455,4,1,1,9
456,5,0,1,1
456,5,1,1,1
456,5,0,0,2
456,5,1,0,2
456,0,0,1,3
456,2,0,0,4
456,2,1,0,4
456,3,0,1,5
456,5,0,0,6
456,5,1,0,6
456,5,0,0,7
456,5,1,0,7
457,0,0,1,1
457,5,0,1,2
457,5,1,1,2
457,0,0,1,3
457,4,1,1,4
457,1,1,1,5
457,5,0,0,6
457,5,1,0,6
458,2,0,0,1
458,2,1,0,1
458,4,1,0,2
458,5,0,0,3
458,5,1,0,3
458,4,1,1,4
458,3,0,0,5
458,2,0,1,6
458,2,1,1,6
458,5,0,1,7
458,5,1,1,7
459,1,1,0,1
459,2,0,1,2
459,2,1,1,2
459,4,1,1,3
459,1,1,1,4
459,4,1,0,5
459,1,1,1,6
459,4,1,1,7
459,5,0,0,8
459,5,1,0,8
459,4,1,1,9
459,0,0,1,10
459,1,1,1,11
459,4,1,1,12
459,5,0,0,13
459,5,1,0,13
459,5,0,1,14
459,5,1,1,14
460,1,1,1,1
460,1,1,0,2
460,2,0,1,3
460,2,1,1,3
460,5,0,0,4
460,5,1,0,4
460,5,0,0,5
460,5,1,0,5
460,0,0,1,6
460,3,0,0,7
460,4,1,1,8
461,1,1,0,1
461,4,1,1,2
461,5,0,1,3
461,5,1,1,3
461,1,1,1,4
461,2,0,0,5
461,2,1,0,5
461,3,0,0,6
461,2,0,1,7
461,2,1,1,7
461,2,0,0,8
461,2,1,0,8
461,1,1,0,9
461,1,1,1,10
461,1,1,1,11
461,4,1,0,12
461,2,0,1,13
461,2,1,1,13
462,4,1,0,1
462,5,0,1,2
462,5,1,1,2
462,1,1,1,3
462,3,0,0,4
462,2,0,1,5
462,2,1,1,5
462,2,0,1,6
462,2,1,1,6
462,5,0,1,7
462,5,1,1,7
463,0,0,0,1
463,5,0,0,2
463,5,1,0,2
463,0,0,1,3
463,0,0,1,4
463,5,0,1,5
463,5,1,1,5
463,5,0,0,6
463,5,1,0,6
463,0,0,1,7
463,3,0,0,8
463,5,0,1,9
463,5,1,1,9
464,3,0,1,1
464,5,0,0,2
464,5,1,0,2
464,4,1,1,3
464,4,1,0,4
464,3,0,0,5
464,4,1,1,6
464,3,0,1,7
465,5,0,0,1
465,5,1,0,1
465,5,0,0,2
465,5,1,0,2
465,3,0,1,3
465,3,0,0,4
465,2,0,1,5
465,2,1,1,5
465,3,0,1,6
465,4,1,0,7
465,2,0,1,8
465,2,1,1,8
465,5,0,0,9
465,5,1,0,9
466,0,0,1,1
466,4,1,0,2
466,4,1,0,3
466,5,0,1,4
466,5,1,1,4
466,0,0,1,5
466,4,1,1,6
466,1,1,1,7
466,0,0,1,8
467,1,1,0,1
467,3,0,1,2
467,2,0,1,3
467,2,1,1,3
467,1,1,1,4
467,5,0,0,5
467,5,1,0,5
467,2,0,1,6
467,2,1,1,6
467,0,0,1,7
467,0,0,1,8
467,0,0,1,9
467,4,1,0,10
468,2,0,0,1
468,2,1,0,1
468,1,1,0,2
468,2,0,1,3
468,2,1,1,3
468,4,1,1,4
468,1,1,1,5
468,0,0,1,6
468,1,1,1,7
468,2,0,1,8
468,2,1,1,8
468,1,1,1,9
468,1,1,1,10
468,3,0,1,11
469,0,0,1,1
469,4,1,0,2
469,2,0,0,3
469,2,1,0,3
469,1,1,0,4
469,0,0,0,5
469,5,0,0,6
469,5,1,0,6
469,4,1,0,7
469,1,1,1,8
469,1,1,0,9
469,5,0,1,10
469,5,1,1,10
470,5,0,0,1
470,5,1,0,1
470,0,0,1,2
470,5,0,0,3
470,5,1,0,3
470,4,1,0,4
470,4,1,1,5
470,3,0,1,6
470,5,0,1,7
470,5,1,1,7
471,5,0,0,1
471,5,1,0,1
471,2,0,1,2
471,2,1,1,2
471,3,0,0,3
471,0,0,1,4
471,1,1,1,5
471,1,1,0,6
471,1,1,1,7
471,4,1,1,8
471,4,1,1,9
471,3,0,0,10
472,3,0,0,1
472,3,0,0,2
472,3,0,0,3
472,4,1,0,4
472,1,1,0,5
472,3,0,0,6
472,4,1,1,7
472,3,0,1,8
472,5,0,1,9
472,5,1,1,9
473,1,1,1,1
473,1,1,1,2
473,1,1,0,3
473,4,1,1,4
473,1,1,1,5
473,1,1,1,6
473,5,0,0,7
473,5,1,0,7
473,1,1,1,8
473,2,0,1,9
473,2,1,1,9
473,5,0,1,10
473,5,1,1,10
473,0,0,1,11
474,0,0,0,1
474,1,1,1,2
474,5,0,0,3
474,5,1,0,3
474,1,1,0,4
474,0,0,1,5
474,5,0,1,6
474,5,1,1,6
474,1,1,0,7
474,3,0,1,8
475,3,0,1,1
475,4,1,0,2
475,0,0,0,3
475,2,0,0,4
475,2,1,0,4
475,0,0,0,5
475,5,0,0,6
475,5,1,0,6
475,0,0,1,7
475,1,1,0,8
475,5,0,1,9
475,5,1,1,9
476,0,0,0,1
476,1,1,0,2
476,4,1,0,3
476,5,0,0,4
476,5,1,0,4
476,1,1,1,5
476,2,0,0,6
476,2,1,0,6
476,1,1,0,7
476,5,0,1,8
476,5,1,1,8
476,5,0,0,9
476,5,1,0,9
477,5,0,0,1
477,5,1,0,1
477,0,0,0,2
477,2,0,0,3
477,2,1,0,3
477,4,1,0,4
477,2,0,1,5
477,2,1,1,5
477,3,0,0,6
477,5,0,0,7
477,5,1,0,7
477,3,0,1,8
477,2,0,1,9
477,2,1,1,9
478,1,1,1,1
478,0,0,0,2
478,1,1,1,3
478,1,1,1,4
478,2,0,1,5
478,2,1,1,5
478,5,0,1,6
478,5,1,1,6
478,3,0,1,7
479,4,1,1,1
479,5,0,0,2
479,5,1,0,2
479,1,1,0,3
479,4,1,0,4
479,5,0,1,5
479,5,1,1,5
479,3,0,0,6
479,1,1,1,7
479,3,0,1,8
480,0,0,0,1
480,3,0,1,2
480,2,0,0,3
480,2,1,0,3
480,5,0,0,4
480,5,1,0,4
480,2,0,0,5
480,2,1,0,5
480,4,1,0,6
480,1,1,1,7
480,1,1,0,8
480,0,0,1,9
480,1,1,0,10
481,1,1,0,1
481,0,0,1,2
481,3,0,0,3
481,4,1,1,4
481,1,1,1,5
481,3,0,0,6
481,4,1,1,7
481,4,1,1,8
481,2,0,1,9
481,2,1,1,9
481,0,0,1,10
482,5,0,0,1
482,5,1,0,1
482,5,0,0,2
482,5,1,0,2
482,1,1,1,3
482,1,1,1,4
482,0,0,1,5
482,1,1,1,6
482,5,0,0,7
482,5,1,0,7
482,2,0,1,8
482,2,1,1,8
482,5,0,1,9
482,5,1,1,9
483,5,0,0,1
483,5,1,0,1
483,5,0,0,2
483,5,1,0,2
483,3,0,1,3
483,0,0,0,4
483,2,0,1,5
483,2,1,1,5
483,2,0,0,6
483,2,1,0,6
483,1,1,1,7
483,4,1,1,8
484,0,0,1,1
484,0,0,1,2
484,4,1,0,3
484,5,0,0,4
484,5,1,0,4
484,5,0,0,5
484,5,1,0,5
484,2,0,1,6
484,2,1,1,6
484,4,1,0,7
484,5,0,1,8
484,5,1,1,8
485,0,0,0,1
485,2,0,1,2
485,2,1,1,2
485,0,0,0,3
485,2,0,0,4
485,2,1,0,4
485,3,0,0,5
485,0,0,1,6
485,4,1,0,7
485,4,1,1,8
485,2,0,0,9
485,2,1,0,9
486,4,1,0,1
486,1,1,0,2
486,5,0,0,3
486,5,1,0,3
486,5,0,0,4
486,5,1,0,4
486,1,1,1,5
486,4,1,0,6
486,0,0,0,7
486,0,0,1,8
486,4,1,1,9
486,3,0,0,10
486,5,0,0,11
486,5,1,0,11
487,4,1,0,1
487,1,1,0,2
487,0,0,0,3
487,3,0,0,4
487,1,1,0,5
487,1,1,0,6
487,3,0,1,7
487,4,1,1,8
487,0,0,1,9
487,4,1,0,10
487,3,0,1,11
488,4,1,0,1
488,1,1,0,2
488,5,0,1,3
488,5,1,1,3
488,4,1,1,4
488,1,1,1,5
488,3,0,0,6
488,2,0,0,7
488,2,1,0,7
488,2,0,0,8
488,2,1,0,8
488,1,1,1,9
488,0,0,1,10
488,4,1,1,11
488,2,0,1,12
488,2,1,1,12
489,5,0,1,1
489,5,1,1,1
489,3,0,0,2
489,5,0,0,3
489,5,1,0,3
489,5,0,1,4
489,5,1,1,4
490,2,0,0,1
490,2,1,0,1
490,2,0,0,2
490,2,1,0,2
490,2,0,0,3
490,2,1,0,3
490,0,0,1,4
490,5,0,1,5
490,5,1,1,5
490,5,0,0,6
490,5,1,0,6
490,0,0,1,7
490,4,1,1,8
491,5,0,0,1
491,5,1,0,1
491,1,1,1,2
491,2,0,0,3
491,2,1,0,3
491,3,0,0,4
491,3,0,0,5
491,5,0,0,6
491,5,1,0,6
491,5,0,1,7
491,5,1,1,7
492,3,0,1,1
492,1,1,1,2
492,4,1,1,3
492,0,0,1,4
492,3,0,1,5
492,0,0,0,6
492,1,1,1,7
492,2,0,0,8
492,2,1,0,8
492,5,0,0,9
492,5,1,0,9
493,2,0,0,1
493,2,1,0,1
493,2,0,1,2
493,2,1,1,2
493,4,1,0,3
493,5,0,0,4
493,5,1,0,4
493,5,0,1,5
493,5,1,1,5
493,4,1,0,6
493,4,1,0,7
493,3,0,0,8
494,3,0,0,1
494,1,1,1,2
494,1,1,1,3
494,5,0,0,4
494,5,1,0,4
494,1,1,1,5
494,4,1,0,6
494,5,0,0,7
494,5,1,0,7
494,5,0,0,8
494,5,1,0,8
494,0,0,0,9
494,1,1,1,10
494,0,0,1,11
495,2,0,1,1
495,2,1,1,1
495,4,1,0,2
495,4,1,0,3
495,4,1,1,4
495,0,0,0,5
495,5,0,0,6
495,5,1,0,6
495,2,0,0,7
495,2,1,0,7
495,2,0,1,8
495,2,1,1,8
495,0,0,1,9
496,4,1,0,1
496,3,0,0,2
496,4,1,1,3
496,2,0,0,4
496,2,1,0,4
496,4,1,0,5
496,3,0,0,6
496,1,1,0,7
496,3,0,0,8
496,0,0,1,9
496,1,1,1,10
496,4,1,1,11
496,2,0,1,12
496,2,1,1,12
497,5,0,1,1
497,5,1,1,1
497,4,1,0,2
497,5,0,0,3
497,5,1,0,3
497,5,0,1,4
497,5,1,1,4
498,5,0,0,1
498,5,1,0,1
498,0,0,0,2
498,0,0,1,3
498,4,1,0,4
498,2,0,1,5
498,2,1,1,5
498,2,0,1,6
498,2,1,1,6
498,5,0,1,7
498,5,1,1,7
499,0,0,1,1
499,4,1,1,2
499,2,0,0,3
499,2,1,0,3
499,0,0,1,4
499,4,1,1,5
499,5,0,0,6
499,5,1,0,6
499,4,1,1,7
499,3,0,0,8
499,2,0,1,9
499,2,1,1,9
